{"cameraMode":{"drawMode":0,"name":"Shaded","section":"Shading Mode"},"sceneLighting":false,"audioPlay":false,"sceneViewState":{"showFog":true,"showMaterialUpdate":false,"showSkybox":false,"showFlares":true,"showImageEffects":true,"showParticleSystems":true},"in2DMode":false,"pivot":{"x":35.0,"y":15.149999618530274,"z":-14.760000228881836},"rotation":{"x":0.11198694258928299,"y":-0.690482497215271,"z":0.11035795509815216,"w":0.7066556811332703},"size":1.5542460680007935,"orthographic":false}