{"cameraMode":{"drawMode":0,"name":"Shaded","section":"Shading Mode"},"sceneLighting":false,"audioPlay":false,"sceneViewState":{"showFog":true,"showMaterialUpdate":false,"showSkybox":false,"showFlares":true,"showImageEffects":true,"showParticleSystems":true},"in2DMode":false,"pivot":{"x":-2.622648000717163,"y":0.09680259227752686,"z":-0.1404322385787964},"rotation":{"x":0.21561044454574586,"y":-0.29473206400871279,"z":0.06915988773107529,"w":0.9288226366043091},"size":0.5967528820037842,"orthographic":false}