{"cameraMode":{"drawMode":0,"name":"Shaded","section":"Shading Mode"},"sceneLighting":false,"audioPlay":false,"sceneViewState":{"showFog":true,"showMaterialUpdate":false,"showSkybox":false,"showFlares":true,"showImageEffects":true,"showParticleSystems":true},"in2DMode":false,"pivot":{"x":0.7071670293807983,"y":0.18053436279296876,"z":-0.6332531571388245},"rotation":{"x":0.17866969108581544,"y":-0.2832094728946686,"z":0.05447760224342346,"w":0.9411436319351196},"size":0.564761757850647,"orthographic":false}