{"cameraMode":{"drawMode":0,"name":"Shaded","section":"Shading Mode"},"sceneLighting":false,"audioPlay":false,"sceneViewState":{"showFog":true,"showMaterialUpdate":false,"showSkybox":false,"showFlares":true,"showImageEffects":true,"showParticleSystems":true},"in2DMode":false,"pivot":{"x":31.93000030517578,"y":12.529999732971192,"z":-47.869998931884769},"rotation":{"x":0.11959511786699295,"y":-0.2286112904548645,"z":0.028968481346964837,"w":0.9661484360694885},"size":2.70739483833313,"orthographic":false}