{"cameraMode":{"drawMode":0,"name":"Shaded","section":"Shading Mode"},"sceneLighting":false,"audioPlay":false,"sceneViewState":{"showFog":true,"showMaterialUpdate":false,"showSkybox":false,"showFlares":true,"showImageEffects":true,"showParticleSystems":true},"in2DMode":false,"pivot":{"x":835.66552734375,"y":544.2849731445313,"z":39.1705322265625},"rotation":{"x":0.01526129525154829,"y":-0.05540768429636955,"z":0.001445624278858304,"w":0.998771071434021},"size":279.07373046875,"orthographic":false}