{"cameraMode":{"drawMode":0,"name":"Shaded","section":"Shading Mode"},"sceneLighting":false,"audioPlay":false,"sceneViewState":{"showFog":true,"showMaterialUpdate":false,"showSkybox":false,"showFlares":true,"showImageEffects":true,"showParticleSystems":true},"in2DMode":false,"pivot":{"x":27.760000228881837,"y":15.920095443725586,"z":-46.849998474121097},"rotation":{"x":0.11959511786699295,"y":-0.2286112904548645,"z":0.028968481346964837,"w":0.9661484360694885},"size":10.920249938964844,"orthographic":false}