{"cameraMode":{"drawMode":0,"name":"Shaded","section":"Shading Mode"},"sceneLighting":false,"audioPlay":false,"sceneViewState":{"showFog":true,"showMaterialUpdate":false,"showSkybox":false,"showFlares":true,"showImageEffects":true,"showParticleSystems":true},"in2DMode":false,"pivot":{"x":1066.556884765625,"y":580.8157348632813,"z":1.853355050086975},"rotation":{"x":0.08100660145282746,"y":0.08826447278261185,"z":-0.006421372294425964,"w":0.9932055473327637},"size":106.25818634033203,"orthographic":false}