{"cameraMode":{"drawMode":0,"name":"Shaded","section":"Shading Mode"},"sceneLighting":false,"audioPlay":false,"sceneViewState":{"showFog":true,"showMaterialUpdate":false,"showSkybox":false,"showFlares":true,"showImageEffects":true,"showParticleSystems":true},"in2DMode":false,"pivot":{"x":-26.21240234375,"y":0.716796875,"z":0.4958000183105469},"rotation":{"x":0.11959511786699295,"y":-0.2286112904548645,"z":0.028968481346964837,"w":0.9661484360694885},"size":1.9127354621887208,"orthographic":false}