{"cameraMode":{"drawMode":0,"name":"Shaded","section":"Shading Mode"},"sceneLighting":false,"audioPlay":false,"sceneViewState":{"showFog":true,"showMaterialUpdate":false,"showSkybox":false,"showFlares":true,"showImageEffects":true,"showParticleSystems":true},"in2DMode":false,"pivot":{"x":-0.5562692880630493,"y":-0.08609938621520996,"z":0.8644155859947205},"rotation":{"x":0.11959511786699295,"y":-0.2286112904548645,"z":0.028968481346964837,"w":0.9661484360694885},"size":1.0008244514465333,"orthographic":false}