{"cameraMode":{"drawMode":0,"name":"Shaded","section":"Shading Mode"},"sceneLighting":false,"audioPlay":false,"sceneViewState":{"showFog":true,"showMaterialUpdate":false,"showSkybox":false,"showFlares":true,"showImageEffects":true,"showParticleSystems":true},"in2DMode":false,"pivot":{"x":742.0584716796875,"y":378.5487365722656,"z":-6.874481201171875},"rotation":{"x":0.07789434492588043,"y":-0.0895218774676323,"z":0.007635036483407021,"w":0.9933324456214905},"size":151.10983276367188,"orthographic":false}