{"cameraMode":{"drawMode":0,"name":"Shaded","section":"Shading Mode"},"sceneLighting":false,"audioPlay":false,"sceneViewState":{"showFog":true,"showMaterialUpdate":false,"showSkybox":false,"showFlares":true,"showImageEffects":true,"showParticleSystems":true},"in2DMode":false,"pivot":{"x":2.240570068359375,"y":0.09680259227752686,"z":-0.6931991577148438},"rotation":{"x":0.11134623736143112,"y":-0.14249376952648164,"z":0.016913561150431634,"w":0.9838001132011414},"size":0.8647617697715759,"orthographic":false}