{"cameraMode":{"drawMode":0,"name":"Shaded","section":"Shading Mode"},"sceneLighting":false,"audioPlay":false,"sceneViewState":{"showFog":true,"showMaterialUpdate":false,"showSkybox":false,"showFlares":true,"showImageEffects":true,"showParticleSystems":true},"in2DMode":false,"pivot":{"x":-54.25244140625,"y":18.376800537109376,"z":20.51580047607422},"rotation":{"x":0.11959511786699295,"y":-0.2286112904548645,"z":0.028968481346964837,"w":0.9661484360694885},"size":3.404860019683838,"orthographic":false}