{"cameraMode":{"drawMode":0,"name":"Shaded","section":"Shading Mode"},"sceneLighting":false,"audioPlay":false,"sceneViewState":{"showFog":true,"showMaterialUpdate":false,"showSkybox":false,"showFlares":true,"showImageEffects":true,"showParticleSystems":true},"in2DMode":false,"pivot":{"x":-30.1224365234375,"y":0.716796875,"z":0.4958000183105469},"rotation":{"x":0.088616743683815,"y":-0.3027881681919098,"z":0.028925975784659387,"w":0.9489352107048035},"size":2.212735414505005,"orthographic":false}