{"cameraMode":{"drawMode":0,"name":"Shaded","section":"Shading Mode"},"sceneLighting":false,"audioPlay":false,"sceneViewState":{"showFog":true,"showMaterialUpdate":false,"showSkybox":false,"showFlares":true,"showImageEffects":true,"showParticleSystems":true},"in2DMode":false,"pivot":{"x":-30.470151901245118,"y":0.7950834035873413,"z":-0.7756802439689636},"rotation":{"x":0.10765770077705383,"y":-0.6258722543716431,"z":0.08858370035886765,"w":0.7679157257080078},"size":1.9127137660980225,"orthographic":false}