{"cameraMode":{"drawMode":0,"name":"Shaded","section":"Shading Mode"},"sceneLighting":false,"audioPlay":false,"sceneViewState":{"showFog":true,"showMaterialUpdate":false,"showSkybox":true,"showFlares":true,"showImageEffects":true,"showParticleSystems":true},"in2DMode":false,"pivot":{"x":16.88939666748047,"y":11.767107963562012,"z":-21.593280792236329},"rotation":{"x":-0.09330005943775177,"y":-0.5913282036781311,"z":0.07071284204721451,"w":-0.7980785965919495},"size":4.087985038757324,"orthographic":false}